{
    "loss": 0.3019784986972809,
    "accuracy": 0.8879310488700867
}